metodo,N,p,prova,iterazioni,errore
jacobi,1024,1,1,2919081,1.432e-07
jacobi,1024,1,2,2919081,1.432e-07
jacobi,1024,1,3,2919081,1.432e-07
jacobi,1024,1,4,2919081,1.432e-07
jacobi,1024,1,5,2919081,1.432e-07
jacobi,1024,2,1,2919081,1.432e-07
jacobi,1024,2,2,2919081,1.432e-07
jacobi,1024,2,3,2919081,1.432e-07
jacobi,1024,2,4,2919081,1.432e-07
jacobi,1024,2,5,2919081,1.432e-07
jacobi,1024,4,1,2919081,1.432e-07
jacobi,1024,4,2,2919081,1.432e-07
jacobi,1024,4,3,2919081,1.432e-07
jacobi,1024,4,4,2919081,1.432e-07
jacobi,1024,4,5,2919081,1.432e-07
schwarz,1024,1,1,1,1.883e-14
schwarz,1024,1,2,1,1.883e-14
schwarz,1024,1,3,1,1.883e-14
schwarz,1024,1,4,1,1.883e-14
schwarz,1024,1,5,1,1.883e-14
schwarz,1024,2,1,8325,1.102e-08
schwarz,1024,2,2,8325,1.102e-08
schwarz,1024,2,3,8325,1.102e-08
schwarz,1024,2,4,8325,1.102e-08
schwarz,1024,2,5,8325,1.102e-08
schwarz,1024,4,1,14082,1.332e-08
schwarz,1024,4,2,14082,1.332e-08
schwarz,1024,4,3,14082,1.332e-08
schwarz,1024,4,4,14082,1.332e-08
schwarz,1024,4,5,14082,1.332e-08
