N,prova,iterazioni,errore
32,1,3025,1.406e-07
32,2,3025,1.406e-07
32,3,3025,1.406e-07
32,4,3025,1.406e-07
32,5,3025,1.406e-07
64,1,11741,1.421e-07
64,2,11741,1.421e-07
64,3,11741,1.421e-07
64,4,11741,1.421e-07
64,5,11741,1.421e-07
128,1,46243,1.427e-07
128,2,46243,1.427e-07
128,3,46243,1.427e-07
128,4,46243,1.427e-07
128,5,46243,1.427e-07
256,1,183528,1.430e-07
256,2,183528,1.430e-07
256,3,183528,1.430e-07
256,4,183528,1.430e-07
256,5,183528,1.430e-07
512,1,731218,1.431e-07
512,2,731218,1.431e-07
512,3,731218,1.431e-07
512,4,731218,1.431e-07
512,5,731218,1.431e-07
1024,1,2919081,1.432e-07
1024,2,2919081,1.432e-07
1024,3,2919081,1.432e-07
1024,4,2919081,1.432e-07
1024,5,2919081,1.432e-07
