N,p,prova,iterazioni,errore
32,2,1,241,5.639e-08
32,2,2,241,5.639e-08
32,2,3,241,5.639e-08
32,2,4,241,5.639e-08
32,2,5,241,5.639e-08
32,4,1,414,7.153e-08
32,4,2,414,7.153e-08
32,4,3,414,7.153e-08
32,4,4,414,7.153e-08
32,4,5,414,7.153e-08
32,8,1,783,9.971e-08
32,8,2,783,9.971e-08
32,8,3,783,9.971e-08
32,8,4,783,9.971e-08
32,8,5,783,9.971e-08
64,2,1,484,4.253e-08
64,2,2,484,4.253e-08
64,2,3,484,4.253e-08
64,2,4,484,4.253e-08
64,2,5,484,4.253e-08
64,4,1,826,5.153e-08
64,4,2,826,5.153e-08
64,4,3,826,5.153e-08
64,4,4,826,5.153e-08
64,4,5,826,5.153e-08
64,8,1,1559,7.148e-08
64,8,2,1559,7.148e-08
64,8,3,1559,7.148e-08
64,8,4,1559,7.148e-08
64,8,5,1559,7.148e-08
128,2,1,982,3.053e-08
128,2,2,982,3.053e-08
128,2,3,982,3.053e-08
128,2,4,982,3.053e-08
128,2,5,982,3.053e-08
128,4,1,1667,3.717e-08
128,4,2,1667,3.717e-08
128,4,3,1667,3.717e-08
128,4,4,1667,3.717e-08
128,4,5,1667,3.717e-08
128,8,1,3146,5.083e-08
128,8,2,3146,5.083e-08
128,8,3,3146,5.083e-08
128,8,4,3146,5.083e-08
128,8,5,3146,5.083e-08
256,2,1,1999,2.192e-08
256,2,2,1999,2.192e-08
256,2,3,1999,2.192e-08
256,2,4,1999,2.192e-08
256,2,5,1999,2.192e-08
256,4,1,3387,2.646e-08
256,4,2,3387,2.646e-08
256,4,3,3387,2.646e-08
256,4,4,3387,2.646e-08
256,4,5,3387,2.646e-08
256,8,1,6390,3.616e-08
256,8,2,6390,3.616e-08
256,8,3,6390,3.616e-08
256,8,4,6390,3.616e-08
256,8,5,6390,3.616e-08
512,2,1,4079,1.551e-08
512,2,2,4079,1.551e-08
512,2,3,4079,1.551e-08
512,2,4,4079,1.551e-08
512,2,5,4079,1.551e-08
512,4,1,6902,1.878e-08
512,4,2,6902,1.878e-08
512,4,3,6902,1.878e-08
512,4,4,6902,1.878e-08
512,4,5,6902,1.878e-08
512,8,1,13024,2.560e-08
512,8,2,13024,2.560e-08
512,8,3,13024,2.560e-08
512,8,4,13024,2.560e-08
512,8,5,13024,2.560e-08
1024,2,1,8325,1.102e-08
1024,2,2,8325,1.102e-08
1024,2,3,8325,1.102e-08
1024,2,4,8325,1.102e-08
1024,2,5,8325,1.102e-08
1024,4,1,14082,1.332e-08
1024,4,2,14082,1.332e-08
1024,4,3,14082,1.332e-08
1024,4,4,14082,1.332e-08
1024,4,5,14082,1.332e-08
1024,8,1,26581,1.813e-08
1024,8,2,26581,1.813e-08
1024,8,3,26581,1.813e-08
1024,8,4,26581,1.813e-08
1024,8,5,26581,1.813e-08
