p,delta,prova,iterazioni,tempo,errore
2,0,1,16996,0.1967,7.801e-09
2,0,2,16996,0.1990,7.801e-09
2,0,3,16996,0.1938,7.801e-09
2,0,4,16996,0.2250,7.801e-09
2,0,5,16996,0.1922,7.801e-09
2,1,1,5666,0.0649,7.793e-09
2,1,2,5666,0.0638,7.793e-09
2,1,3,5666,0.0649,7.793e-09
2,1,4,5666,0.0663,7.793e-09
2,1,5,5666,0.0636,7.793e-09
2,2,1,3400,0.0388,7.786e-09
2,2,2,3400,0.0393,7.786e-09
2,2,3,3400,0.0393,7.786e-09
2,2,4,3400,0.0398,7.786e-09
2,2,5,3400,0.0392,7.786e-09
2,4,1,1889,0.0221,7.793e-09
2,4,2,1889,0.0214,7.793e-09
2,4,3,1889,0.0226,7.793e-09
2,4,4,1889,0.0220,7.793e-09
2,4,5,1889,0.0222,7.793e-09
2,8,1,1001,0.0118,7.700e-09
2,8,2,1001,0.0118,7.700e-09
2,8,3,1001,0.0115,7.700e-09
2,8,4,1001,0.0118,7.700e-09
2,8,5,1001,0.0116,7.700e-09
2,16,1,516,0.0062,7.668e-09
2,16,2,516,0.0061,7.668e-09
2,16,3,516,0.0063,7.668e-09
2,16,4,516,0.0064,7.668e-09
2,16,5,516,0.0059,7.668e-09
2,32,1,262,0.0034,7.739e-09
2,32,2,262,0.0033,7.739e-09
2,32,3,262,0.0033,7.739e-09
2,32,4,262,0.0033,7.739e-09
2,32,5,262,0.0034,7.739e-09
2,64,1,133,0.0019,6.928e-09
2,64,2,133,0.0018,6.928e-09
2,64,3,133,0.0018,6.928e-09
2,64,4,133,0.0018,6.928e-09
2,64,5,133,0.0019,6.928e-09
2,128,1,67,0.0010,6.458e-09
2,128,2,67,0.0011,6.458e-09
2,128,3,67,0.0010,6.458e-09
2,128,4,67,0.0010,6.458e-09
2,128,5,67,0.0010,6.458e-09
4,0,1,28746,0.1877,9.422e-09
4,0,2,28746,0.1877,9.422e-09
4,0,3,28746,0.1910,9.422e-09
4,0,4,28746,0.1884,9.422e-09
4,0,5,28746,0.1878,9.422e-09
4,1,1,9583,0.0630,9.411e-09
4,1,2,9583,0.0630,9.411e-09
4,1,3,9583,0.0629,9.411e-09
4,1,4,9583,0.0629,9.411e-09
4,1,5,9583,0.0630,9.411e-09
4,2,1,5750,0.0381,9.410e-09
4,2,2,5750,0.0381,9.410e-09
4,2,3,5750,0.0381,9.410e-09
4,2,4,5750,0.0379,9.410e-09
4,2,5,5750,0.0381,9.410e-09
4,4,1,3195,0.0214,9.392e-09
4,4,2,3195,0.0237,9.392e-09
4,4,3,3195,0.0214,9.392e-09
4,4,4,3195,0.0213,9.392e-09
4,4,5,3195,0.0213,9.392e-09
4,8,1,1693,0.0116,9.265e-09
4,8,2,1693,0.0116,9.265e-09
4,8,3,1693,0.0115,9.265e-09
4,8,4,1693,0.0115,9.265e-09
4,8,5,1693,0.0116,9.265e-09
4,16,1,878,0.0062,8.304e-09
4,16,2,878,0.0062,8.304e-09
4,16,3,878,0.0062,8.304e-09
4,16,4,878,0.0065,8.304e-09
4,16,5,878,0.0062,8.304e-09
4,32,1,465,0.0038,4.037e-09
4,32,2,465,0.0038,4.037e-09
4,32,3,465,0.0038,4.037e-09
4,32,4,465,0.0038,4.037e-09
4,32,5,465,0.0038,4.037e-09
4,64,1,251,0.0023,1.123e-09
4,64,2,251,0.0023,1.123e-09
4,64,3,251,0.0023,1.123e-09
4,64,4,251,0.0023,1.123e-09
4,64,5,251,0.0023,1.123e-09
4,128,1,134,0.0015,2.695e-10
4,128,2,134,0.0015,2.695e-10
4,128,3,134,0.0015,2.695e-10
4,128,4,134,0.0015,2.695e-10
4,128,5,134,0.0016,2.695e-10
