metodo,N,p,prova,iterazioni,tempo,errore
jacobi,2048,1,1,250001,0.7546,9.582e-02
jacobi,2048,1,2,250001,0.7779,9.582e-02
jacobi,2048,1,3,250001,0.7557,9.582e-02
jacobi,2048,1,4,250001,0.7776,9.582e-02
jacobi,2048,1,5,250001,0.7555,9.582e-02
jacobi,2048,2,1,250001,0.5455,9.582e-02
jacobi,2048,2,2,250001,0.5348,9.582e-02
jacobi,2048,2,3,250001,0.5225,9.582e-02
jacobi,2048,2,4,250001,0.5267,9.582e-02
jacobi,2048,2,5,250001,0.5365,9.582e-02
jacobi,2048,4,1,250001,0.6474,9.582e-02
jacobi,2048,4,2,250001,0.5240,9.582e-02
jacobi,2048,4,3,250001,0.5414,9.582e-02
jacobi,2048,4,4,250001,0.5151,9.582e-02
jacobi,2048,4,5,250001,0.5424,9.582e-02
schwarz,2048,1,1,250001,5.2482,5.551e-17
schwarz,2048,1,2,250001,5.1639,5.551e-17
schwarz,2048,1,3,250001,5.1896,5.551e-17
schwarz,2048,1,4,250001,5.1573,5.551e-17
schwarz,2048,1,5,250001,5.2258,5.551e-17
schwarz,2048,2,1,250001,3.0028,4.163e-15
schwarz,2048,2,2,250001,2.9434,4.163e-15
schwarz,2048,2,3,250001,2.9857,4.163e-15
schwarz,2048,2,4,250001,3.0483,4.163e-15
schwarz,2048,2,5,250001,2.9618,4.163e-15
schwarz,2048,4,1,250001,1.7931,3.067e-15
schwarz,2048,4,2,250001,2.0073,3.067e-15
schwarz,2048,4,3,250001,1.9571,3.067e-15
schwarz,2048,4,4,250001,1.8897,3.067e-15
schwarz,2048,4,5,250001,2.0194,3.067e-15
jacobi,16384,1,1,30001,0.8713,1.249e-01
jacobi,16384,1,2,30001,0.8174,1.249e-01
jacobi,16384,1,3,30001,0.8411,1.249e-01
jacobi,16384,1,4,30001,0.7898,1.249e-01
jacobi,16384,1,5,30001,0.7940,1.249e-01
jacobi,16384,2,1,30001,0.4156,1.249e-01
jacobi,16384,2,2,30001,0.4142,1.249e-01
jacobi,16384,2,3,30001,0.4419,1.249e-01
jacobi,16384,2,4,30001,0.4266,1.249e-01
jacobi,16384,2,5,30001,0.4545,1.249e-01
jacobi,16384,4,1,30001,0.2403,1.249e-01
jacobi,16384,4,2,30001,0.2510,1.249e-01
jacobi,16384,4,3,30001,0.2576,1.249e-01
jacobi,16384,4,4,30001,0.2507,1.249e-01
jacobi,16384,4,5,30001,0.2891,1.249e-01
schwarz,16384,1,1,30001,5.3430,3.469e-17
schwarz,16384,1,2,30001,5.0986,3.469e-17
schwarz,16384,1,3,30001,5.0824,3.469e-17
schwarz,16384,1,4,30001,5.0733,3.469e-17
schwarz,16384,1,5,30001,5.0843,3.469e-17
schwarz,16384,2,1,30001,2.7174,3.211e-03
schwarz,16384,2,2,30001,2.6950,3.211e-03
schwarz,16384,2,3,30001,2.7086,3.211e-03
schwarz,16384,2,4,30001,2.7721,3.211e-03
schwarz,16384,2,5,30001,2.7275,3.211e-03
schwarz,16384,4,1,30001,1.5073,1.508e-02
schwarz,16384,4,2,30001,1.5355,1.508e-02
schwarz,16384,4,3,30001,1.5150,1.508e-02
schwarz,16384,4,4,30001,1.5170,1.508e-02
schwarz,16384,4,5,30001,1.5223,1.508e-02
jacobi,131072,1,1,4001,0.8388,1.250e-01
jacobi,131072,1,2,4001,0.8545,1.250e-01
jacobi,131072,1,3,4001,0.8381,1.250e-01
jacobi,131072,1,4,4001,0.8474,1.250e-01
jacobi,131072,1,5,4001,0.8378,1.250e-01
jacobi,131072,2,1,4001,0.5354,1.250e-01
jacobi,131072,2,2,4001,0.5420,1.250e-01
jacobi,131072,2,3,4001,0.5479,1.250e-01
jacobi,131072,2,4,4001,0.5345,1.250e-01
jacobi,131072,2,5,4001,0.5762,1.250e-01
jacobi,131072,4,1,4001,0.4556,1.250e-01
jacobi,131072,4,2,4001,0.4220,1.250e-01
jacobi,131072,4,3,4001,0.4402,1.250e-01
jacobi,131072,4,4,4001,0.4455,1.250e-01
jacobi,131072,4,5,4001,0.4377,1.250e-01
schwarz,131072,1,1,4001,5.9697,2.776e-17
schwarz,131072,1,2,4001,6.0393,2.776e-17
schwarz,131072,1,3,4001,6.0531,2.776e-17
schwarz,131072,1,4,4001,6.0249,2.776e-17
schwarz,131072,1,5,4001,5.9804,2.776e-17
schwarz,131072,2,1,4001,4.4288,1.176e-01
schwarz,131072,2,2,4001,3.9575,1.176e-01
schwarz,131072,2,3,4001,4.0048,1.176e-01
schwarz,131072,2,4,4001,3.9731,1.176e-01
schwarz,131072,2,5,4001,3.9829,1.176e-01
schwarz,131072,4,1,4001,3.1621,1.212e-01
schwarz,131072,4,2,4001,3.1148,1.212e-01
schwarz,131072,4,3,4001,3.1471,1.212e-01
schwarz,131072,4,4,4001,3.1145,1.212e-01
schwarz,131072,4,5,4001,3.2702,1.212e-01
jacobi,1048576,1,1,501,2.0255,1.250e-01
jacobi,1048576,1,2,501,2.0165,1.250e-01
jacobi,1048576,1,3,501,2.1100,1.250e-01
jacobi,1048576,1,4,501,2.0021,1.250e-01
jacobi,1048576,1,5,501,2.1171,1.250e-01
jacobi,1048576,2,1,501,2.0077,1.250e-01
jacobi,1048576,2,2,501,1.9928,1.250e-01
jacobi,1048576,2,3,501,2.0096,1.250e-01
jacobi,1048576,2,4,501,2.0122,1.250e-01
jacobi,1048576,2,5,501,1.9878,1.250e-01
jacobi,1048576,4,1,501,1.9042,1.250e-01
jacobi,1048576,4,2,501,1.7641,1.250e-01
jacobi,1048576,4,3,501,1.8101,1.250e-01
jacobi,1048576,4,4,501,1.7751,1.250e-01
jacobi,1048576,4,5,501,1.7658,1.250e-01
schwarz,1048576,1,1,501,7.6146,1.654e-16
schwarz,1048576,1,2,501,8.3963,1.654e-16
schwarz,1048576,1,3,501,7.5250,1.654e-16
schwarz,1048576,1,4,501,7.4374,1.654e-16
schwarz,1048576,1,5,501,7.4553,1.654e-16
schwarz,1048576,2,1,501,5.6951,1.249e-01
schwarz,1048576,2,2,501,5.6967,1.249e-01
schwarz,1048576,2,3,501,5.7459,1.249e-01
schwarz,1048576,2,4,501,5.7662,1.249e-01
schwarz,1048576,2,5,501,5.7302,1.249e-01
schwarz,1048576,4,1,501,4.8912,1.249e-01
schwarz,1048576,4,2,501,4.9142,1.249e-01
schwarz,1048576,4,3,501,4.9187,1.249e-01
schwarz,1048576,4,4,501,4.9140,1.249e-01
schwarz,1048576,4,5,501,4.9667,1.249e-01
jacobi,8388608,1,1,61,2.1305,1.250e-01
jacobi,8388608,1,2,61,2.1180,1.250e-01
jacobi,8388608,1,3,61,2.1145,1.250e-01
jacobi,8388608,1,4,61,2.1058,1.250e-01
jacobi,8388608,1,5,61,2.1054,1.250e-01
jacobi,8388608,2,1,61,1.9795,1.250e-01
jacobi,8388608,2,2,61,1.9860,1.250e-01
jacobi,8388608,2,3,61,1.9612,1.250e-01
jacobi,8388608,2,4,61,1.9754,1.250e-01
jacobi,8388608,2,5,61,1.9805,1.250e-01
jacobi,8388608,4,1,61,1.9825,1.250e-01
jacobi,8388608,4,2,61,1.9862,1.250e-01
jacobi,8388608,4,3,61,1.9811,1.250e-01
jacobi,8388608,4,4,61,1.9898,1.250e-01
jacobi,8388608,4,5,61,1.9842,1.250e-01
schwarz,8388608,1,1,61,7.6186,1.217e-13
schwarz,8388608,1,2,61,8.3284,1.217e-13
schwarz,8388608,1,3,61,7.5795,1.217e-13
schwarz,8388608,1,4,61,7.5458,1.217e-13
schwarz,8388608,1,5,61,7.5881,1.217e-13
schwarz,8388608,2,1,61,5.6995,1.250e-01
schwarz,8388608,2,2,61,5.6685,1.250e-01
schwarz,8388608,2,3,61,5.7027,1.250e-01
schwarz,8388608,2,4,61,5.7289,1.250e-01
schwarz,8388608,2,5,61,5.7302,1.250e-01
schwarz,8388608,4,1,61,5.1761,1.250e-01
schwarz,8388608,4,2,61,5.4711,1.250e-01
schwarz,8388608,4,3,61,5.8361,1.250e-01
schwarz,8388608,4,4,61,5.6935,1.250e-01
schwarz,8388608,4,5,61,5.9789,1.250e-01
