metodo,N,p,delta,prova,iterazioni,tempo,errore
jacobi,128,1,0,1,46243,0.0096,1.427e-07
schwarz,128,1,0,1,1,0.0000,2.887e-15
jacobi,128,1,0,2,46243,0.0096,1.427e-07
schwarz,128,1,0,2,1,0.0000,2.887e-15
jacobi,128,1,0,3,46243,0.0098,1.427e-07
schwarz,128,1,0,3,1,0.0000,2.887e-15
jacobi,128,1,0,4,46243,0.0096,1.427e-07
schwarz,128,1,0,4,1,0.0000,2.887e-15
jacobi,128,1,0,5,46243,0.0096,1.427e-07
schwarz,128,1,0,5,1,0.0000,2.887e-15
jacobi,128,2,0,1,46243,0.0315,1.427e-07
schwarz,128,2,0,1,982,0.0012,3.053e-08
schwarz,128,2,16,1,30,0.0001,2.372e-08
jacobi,128,2,0,2,46243,0.0311,1.427e-07
schwarz,128,2,0,2,982,0.0013,3.053e-08
schwarz,128,2,16,2,30,0.0001,2.372e-08
jacobi,128,2,0,3,46243,0.0314,1.427e-07
schwarz,128,2,0,3,982,0.0013,3.053e-08
schwarz,128,2,16,3,30,0.0001,2.372e-08
jacobi,128,2,0,4,46243,0.0309,1.427e-07
schwarz,128,2,0,4,982,0.0012,3.053e-08
schwarz,128,2,16,4,30,0.0001,2.372e-08
jacobi,128,2,0,5,46243,0.0312,1.427e-07
schwarz,128,2,0,5,982,0.0012,3.053e-08
schwarz,128,2,16,5,30,0.0001,2.372e-08
jacobi,128,4,0,1,46243,0.0582,1.427e-07
schwarz,128,4,0,1,1667,0.0022,3.717e-08
schwarz,128,4,8,1,103,0.0003,1.343e-08
jacobi,128,4,0,2,46243,0.0453,1.427e-07
schwarz,128,4,0,2,1667,0.0022,3.717e-08
schwarz,128,4,8,2,103,0.0002,1.343e-08
jacobi,128,4,0,3,46243,0.0477,1.427e-07
schwarz,128,4,0,3,1667,0.0022,3.717e-08
schwarz,128,4,8,3,103,0.0002,1.343e-08
jacobi,128,4,0,4,46243,0.0461,1.427e-07
schwarz,128,4,0,4,1667,0.0022,3.717e-08
schwarz,128,4,8,4,103,0.0002,1.343e-08
jacobi,128,4,0,5,46243,0.0452,1.427e-07
schwarz,128,4,0,5,1667,0.0022,3.717e-08
schwarz,128,4,8,5,103,0.0002,1.343e-08
jacobi,256,1,0,1,183528,0.0661,1.430e-07
schwarz,256,1,0,1,1,0.0000,5.135e-15
jacobi,256,1,0,2,183528,0.0649,1.430e-07
schwarz,256,1,0,2,1,0.0000,5.135e-15
jacobi,256,1,0,3,183528,0.0646,1.430e-07
schwarz,256,1,0,3,1,0.0000,5.135e-15
jacobi,256,1,0,4,183528,0.0648,1.430e-07
schwarz,256,1,0,4,1,0.0000,5.135e-15
jacobi,256,1,0,5,183528,0.0649,1.430e-07
schwarz,256,1,0,5,1,0.0000,5.135e-15
jacobi,256,2,0,1,183528,0.1346,1.430e-07
schwarz,256,2,0,1,1999,0.0038,2.192e-08
schwarz,256,2,32,1,31,0.0001,1.706e-08
jacobi,256,2,0,2,183528,0.1396,1.430e-07
schwarz,256,2,0,2,1999,0.0039,2.192e-08
schwarz,256,2,32,2,31,0.0001,1.706e-08
jacobi,256,2,0,3,183528,0.1407,1.430e-07
schwarz,256,2,0,3,1999,0.0039,2.192e-08
schwarz,256,2,32,3,31,0.0001,1.706e-08
jacobi,256,2,0,4,183528,0.1370,1.430e-07
schwarz,256,2,0,4,1999,0.0041,2.192e-08
schwarz,256,2,32,4,31,0.0001,1.706e-08
jacobi,256,2,0,5,183528,0.1367,1.430e-07
schwarz,256,2,0,5,1999,0.0040,2.192e-08
schwarz,256,2,32,5,31,0.0001,1.706e-08
jacobi,256,4,0,1,183528,0.1844,1.430e-07
schwarz,256,4,0,1,3387,0.0056,2.646e-08
schwarz,256,4,16,1,111,0.0003,5.817e-09
jacobi,256,4,0,2,183528,0.1835,1.430e-07
schwarz,256,4,0,2,3387,0.0057,2.646e-08
schwarz,256,4,16,2,111,0.0003,5.817e-09
jacobi,256,4,0,3,183528,0.1864,1.430e-07
schwarz,256,4,0,3,3387,0.0057,2.646e-08
schwarz,256,4,16,3,111,0.0003,5.817e-09
jacobi,256,4,0,4,183528,0.1869,1.430e-07
schwarz,256,4,0,4,3387,0.0056,2.646e-08
schwarz,256,4,16,4,111,0.0003,5.817e-09
jacobi,256,4,0,5,183528,0.1841,1.430e-07
schwarz,256,4,0,5,3387,0.0056,2.646e-08
schwarz,256,4,16,5,111,0.0003,5.817e-09
jacobi,512,1,0,1,731218,0.5107,1.431e-07
schwarz,512,1,0,1,1,0.0000,8.757e-15
jacobi,512,1,0,2,731218,0.5144,1.431e-07
schwarz,512,1,0,2,1,0.0000,8.757e-15
jacobi,512,1,0,3,731218,0.7271,1.431e-07
schwarz,512,1,0,3,1,0.0000,8.757e-15
jacobi,512,1,0,4,731218,0.5126,1.431e-07
schwarz,512,1,0,4,1,0.0000,8.757e-15
jacobi,512,1,0,5,731218,0.5115,1.431e-07
schwarz,512,1,0,5,1,0.0000,8.757e-15
jacobi,512,2,0,1,731218,0.6740,1.431e-07
schwarz,512,2,0,1,4079,0.0132,1.551e-08
schwarz,512,2,64,1,32,0.0002,1.124e-08
jacobi,512,2,0,2,731218,0.6794,1.431e-07
schwarz,512,2,0,2,4079,0.0136,1.551e-08
schwarz,512,2,64,2,32,0.0002,1.124e-08
jacobi,512,2,0,3,731218,0.8957,1.431e-07
schwarz,512,2,0,3,4079,0.0147,1.551e-08
schwarz,512,2,64,3,32,0.0002,1.124e-08
jacobi,512,2,0,4,731218,0.6798,1.431e-07
schwarz,512,2,0,4,4079,0.0134,1.551e-08
schwarz,512,2,64,4,32,0.0002,1.124e-08
jacobi,512,2,0,5,731218,0.6755,1.431e-07
schwarz,512,2,0,5,4079,0.0134,1.551e-08
schwarz,512,2,64,5,32,0.0002,1.124e-08
jacobi,512,4,0,1,731218,0.8858,1.431e-07
schwarz,512,4,0,1,6902,0.0162,1.878e-08
schwarz,512,4,32,1,119,0.0005,2.144e-09
jacobi,512,4,0,2,731218,0.8861,1.431e-07
schwarz,512,4,0,2,6902,0.0162,1.878e-08
schwarz,512,4,32,2,119,0.0005,2.144e-09
jacobi,512,4,0,3,731218,0.8824,1.431e-07
schwarz,512,4,0,3,6902,0.0161,1.878e-08
schwarz,512,4,32,3,119,0.0005,2.144e-09
jacobi,512,4,0,4,731218,0.8851,1.431e-07
schwarz,512,4,0,4,6902,0.0162,1.878e-08
schwarz,512,4,32,4,119,0.0005,2.144e-09
jacobi,512,4,0,5,731218,0.8976,1.431e-07
schwarz,512,4,0,5,6902,0.0162,1.878e-08
schwarz,512,4,32,5,119,0.0005,2.144e-09
jacobi,1024,1,0,1,2919081,4.1911,1.432e-07
schwarz,1024,1,0,1,1,0.0001,1.883e-14
jacobi,1024,1,0,2,2919081,4.3912,1.432e-07
schwarz,1024,1,0,2,1,0.0001,1.883e-14
jacobi,1024,1,0,3,2919081,4.2342,1.432e-07
schwarz,1024,1,0,3,1,0.0001,1.883e-14
jacobi,1024,1,0,4,2919081,4.2710,1.432e-07
schwarz,1024,1,0,4,1,0.0001,1.883e-14
jacobi,1024,1,0,5,2919081,4.2666,1.432e-07
schwarz,1024,1,0,5,1,0.0001,1.883e-14
jacobi,1024,2,0,1,2919081,3.7725,1.432e-07
schwarz,1024,2,0,1,8325,0.0489,1.102e-08
schwarz,1024,2,128,1,33,0.0003,7.084e-09
jacobi,1024,2,0,2,2919081,3.8292,1.432e-07
schwarz,1024,2,0,2,8325,0.0517,1.102e-08
schwarz,1024,2,128,2,33,0.0003,7.084e-09
jacobi,1024,2,0,3,2919081,3.8802,1.432e-07
schwarz,1024,2,0,3,8325,0.0506,1.102e-08
schwarz,1024,2,128,3,33,0.0004,7.084e-09
jacobi,1024,2,0,4,2919081,3.9070,1.432e-07
schwarz,1024,2,0,4,8325,0.0541,1.102e-08
schwarz,1024,2,128,4,33,0.0003,7.084e-09
jacobi,1024,2,0,5,2919081,3.9354,1.432e-07
schwarz,1024,2,0,5,8325,0.0525,1.102e-08
schwarz,1024,2,128,5,33,0.0003,7.084e-09
jacobi,1024,4,0,1,2919081,5.5107,1.432e-07
schwarz,1024,4,0,1,14082,0.0554,1.332e-08
schwarz,1024,4,64,1,127,0.0008,7.228e-10
jacobi,1024,4,0,2,2919081,4.8061,1.432e-07
schwarz,1024,4,0,2,14082,0.0527,1.332e-08
schwarz,1024,4,64,2,127,0.0008,7.228e-10
jacobi,1024,4,0,3,2919081,5.1128,1.432e-07
schwarz,1024,4,0,3,14082,0.0527,1.332e-08
schwarz,1024,4,64,3,127,0.0008,7.228e-10
jacobi,1024,4,0,4,2919081,4.7969,1.432e-07
schwarz,1024,4,0,4,14082,0.0534,1.332e-08
schwarz,1024,4,64,4,127,0.0008,7.228e-10
jacobi,1024,4,0,5,2919081,5.4717,1.432e-07
schwarz,1024,4,0,5,14082,0.0525,1.332e-08
schwarz,1024,4,64,5,127,0.0008,7.228e-10
