metodo,N,p,tol,prova,iterazioni,errore
jacobi,1024,4,1e-4,1,1938637,1.432e-05
jacobi,1024,4,1e-4,2,1938637,1.432e-05
jacobi,1024,4,1e-4,3,1938637,1.432e-05
jacobi,1024,4,1e-4,4,1938637,1.432e-05
jacobi,1024,4,1e-4,5,1938637,1.432e-05
jacobi,1024,4,1e-6,1,2919081,1.432e-07
jacobi,1024,4,1e-6,2,2919081,1.432e-07
jacobi,1024,4,1e-6,3,2919081,1.432e-07
jacobi,1024,4,1e-6,4,2919081,1.432e-07
jacobi,1024,4,1e-6,5,2919081,1.432e-07
jacobi,1024,4,1e-8,1,3899547,1.432e-09
jacobi,1024,4,1e-8,2,3899547,1.432e-09
jacobi,1024,4,1e-8,3,3899547,1.432e-09
jacobi,1024,4,1e-8,4,3899547,1.432e-09
jacobi,1024,4,1e-8,5,3899547,1.432e-09
jacobi,1024,4,1e-10,1,4896304,1.336e-11
jacobi,1024,4,1e-10,2,4896304,1.336e-11
jacobi,1024,4,1e-10,3,4896304,1.336e-11
jacobi,1024,4,1e-10,4,4896304,1.336e-11
jacobi,1024,4,1e-10,5,4896304,1.336e-11
schwarz,1024,4,1e-4,1,10050,1.332e-06
schwarz,1024,4,1e-4,2,10050,1.332e-06
schwarz,1024,4,1e-4,3,10050,1.332e-06
schwarz,1024,4,1e-4,4,10050,1.332e-06
schwarz,1024,4,1e-4,5,10050,1.332e-06
schwarz,1024,4,1e-6,1,14082,1.332e-08
schwarz,1024,4,1e-6,2,14082,1.332e-08
schwarz,1024,4,1e-6,3,14082,1.332e-08
schwarz,1024,4,1e-6,4,14082,1.332e-08
schwarz,1024,4,1e-6,5,14082,1.332e-08
schwarz,1024,4,1e-8,1,18114,1.331e-10
schwarz,1024,4,1e-8,2,18114,1.331e-10
schwarz,1024,4,1e-8,3,18114,1.331e-10
schwarz,1024,4,1e-8,4,18114,1.331e-10
schwarz,1024,4,1e-8,5,18114,1.331e-10
schwarz,1024,4,1e-10,1,22159,1.312e-12
schwarz,1024,4,1e-10,2,22159,1.312e-12
schwarz,1024,4,1e-10,3,22159,1.312e-12
schwarz,1024,4,1e-10,4,22159,1.312e-12
schwarz,1024,4,1e-10,5,22159,1.312e-12
